0.8007983,
0.8315357,
0.8565642,
0.8430099,
0.8377535,
0.8582341,
0.8021298,
0.7891624,
1.161495,
0.9623959,
1.234097,
0.8387484,
0.8934293,
0.9250527,
0.8656202,
0.8396451,
0.7065397,
0.8373023,
0.7537842,
0.6738804,
0.77785,
0.7035258,
0.7159801,
1.43735,
1.027904,
0.7940449,
0.8116968,
0.9455565,
0.8353145,
1.024627,
1.119445,
1.292433,
1.26759,
1.353612,
1.061878,
1.255424,
1.020562,
1.167868,
1.305063,
1.152346,
1.163553,
1.039258,
0.8984603,
1.124598,
1.108715,
1.079255,
1.240312,
1.440986,
1.076815,
1.876141,
1.192229,
1.3165,
1.268295,
1.069045,
1.407609,
1.320919,
1.154062,
0.9111792,
1.210104,
1.106786,
0.7523492,
0.90409,
1.564764,
2.002816,
1.471667,
1.056112,
1.468703,
1.085654,
1.125207,
1.09521,
1.480268,
1.185886,
1.942811,
0.9191545,
0.8062317,
1.102506,
1.024991,
1.560694,
1.785339,
1.294068,
0.9812746,
1.214416,
1.139979,
1.907199,
1.068493,
1.082726,
1.065128,
1.310249,
1.278891,
2.268697,
0.7447266,
1.124588,
1.167576,
1.155447,
1.325273,
1.740162,
1.021364,
1.499871,
1.508012,
1.252614,
1.705952,
1.328235,
1.094942,
1.118368,
3.097443,
1.56598,
1.073439,
0.9719664,
0.9956321,
0.9670618,
0.9823537,
1.566344,
2.308135,
1.519267,
1.11143,
3.082051,
1.698832,
1.519545,
1.220229,
1.700099,
0.8815662,
1.200651,
1.067068,
1.425222,
1.214502,
1.156336,
1.020762,
1.031059,
0.8878879,
1.273912,
0.91014,
0.8066992,
0.9956433,
1.202511,
1.085106,
1.427884,
1.395062,
1.609567,
1.133896,
0.9542743,
1.22171,
1.038278,
1.23988,
1.0541,
1.127154,
1.014749,
1.001398,
1.01883,
1.012171,
0.9852632,
1.160577,
1.281612,
1.68365,
1.233566,
1.760906,
1.079656,
1.429544,
1.104182,
1.956589,
2.187448,
1.655893,
2.293732,
1.385442,
1.189202,
1.314885,
0.9391453,
1.312445,
1.57065,
0.8457822,
0.9705198,
0.8207499,
1.033008,
1.143849,
1.158941,
Inf,
0.8102532,
0.8218776,
1.1551,
0.7528995,
1.286801,
1.456017,
1.08465,
1.485019,
1.179538,
1.260724,
1.132051,
1.230123,
1.13506,
1.831992,
1.062828,
1.03085,
0.9015423,
0.8362601,
0.9978559,
1.190468,
1.120126,
0.740702,
0.9922741,
Inf,
0.8631854,
0.9792098,
0.7764229,
1.007295,
0.8465126,
0.9520107,
0.9650723,
1.014918,
0.98051,
0.7846367,
0.8758182,
0.9895728,
1.049159,
0.9933008,
1.138963,
2.154511,
0.8122183,
0.8458489,
0.8267514,
0.8904053,
1.262511,
1.051632,
0.8002233,
1.082476,
0.9868301,
0.9455028,
1.17778,
1.212156,
0.9925807,
0.8813251,
0.9167941,
0.8489034,
1.287033,
0.9126261,
0.8568894,
1.488697,
1.257608,
0.9803942,
1.358488,
1.180211,
1.042808,
1.039439,
0.8172721,
0.8586796,
0.8916105,
0.9306211,
0.9456505,
2.202402,
1.060942,
0.9281765,
0.7011166,
1.001418,
1.011753,
0.8729427,
1.441638,
1.313616,
1.16689,
0.9665362,
1.055533,
0.8744795,
1.092019,
1.068265,
0.9895119,
1.020116,
1.036848,
1.11145,
1.075395,
0.9694652,
0.9082268,
1.085943,
0.9351294,
0.8306786,
0.6700509,
1.085342,
1.480655,
1.89473,
0.8090222,
0.9417949,
0.9084918,
0.710796,
0.926177,
3.648825,
0.8628366,
0.9319284,
1.087226,
1.065027,
1.035446,
0.8843951,
0.9092901,
1.146994,
0.9659606,
0.8892794,
1.109192,
0.7375649,
0.8156661,
1.581087,
0.806437,
0.8947459,
0.8419043,
1.093337,
0.8651892,
1.647587,
1.026226,
1.096409,
1.083434,
0.9240275,
1.003351,
1.310164,
1.177106,
1.327053,
1.214897,
1.235569,
1.285238,
0.9480109,
0.9104831,
0.7108689,
1.689774,
1.307517,
1.397495,
0.9139566,
0.8535502,
1.460072,
0.9164144,
1.605515,
1.109367,
1.057156,
1.15134,
1.180876,
1.31683,
1.122,
1.281211,
0.9036024,
0.9813862,
1.048356,
1.00211,
0.8895133,
1.039351,
0.8688895,
0.7945609,
0.906993,
1.000765,
0.9677932,
1.060414,
1.282243,
1.159129,
0.9403376,
1.988456,
0.8842615,
1.199639,
0.7904471,
1.052153,
1.087259,
0.9861708,
1.023055,
1.03312,
0.9640182,
0.9588123,
0.9581444,
1.124391,
1.084334,
1.10333,
0.8832807,
Inf,
Inf,
1.676921,
0.7661173,
0.9593616,
0.8067636,
0.9471367,
0.9150571,
0.9971537,
0.9150027,
0.8486106,
0.9167182,
1.247185,
1.039285,
1.208595,
1.030465,
1.086497,
1.544276,
1.079072,
1.211312,
1.310765,
1.383854,
1.125162,
0.9993869,
0.9624879,
1.379637,
Inf,
1.288889,
0.8503677,
0.9625647,
0.6986222,
0.8908921,
0.7980549,
1.189537,
0.7047369,
0.9446313,
0.8517707,
0.955049,
1.214595,
0.9974714,
0.8897343,
1.028934,
1.056697,
0.8207884,
0.840107,
3.351213,
1.231444,
1.08295,
0.9599079,
1.346324,
1.224582,
1.771546,
1.520566,
1.109837,
1.251505,
1.461871,
1.071785,
1.305964,
0.9842708,
1.15448,
1.28107,
1.264876,
0.9624832,
0.7866988,
0.9597365,
0.994321,
1.254819,
1.477121,
1.162256,
1.261678,
1.158313,
1.277268,
1.339485,
1.279777,
1.163975,
1.382904,
1.708888,
1.274346,
2.061603,
1.248198,
1.063445,
1.766981,
1.386554,
0.9770724,
1.208149,
1.785676,
1.057881,
1.06706,
1.109675
